Workbook

Sheet Логист
A1: Order # | B1: VBN | C1: Артикул | D1: Цвет | E1: Высота | F1: Длина | G1: Productor | H1: Origin | I1: Фото | J1: Связок | K1: шт./связке | L1: Всего шт. | M1: Подсказка | N1: → Plaza | O1: → Gloria | P1: → Blau | Q1: Остаток
A2: 📦 Order #1 · 23-06-2026 · Order_15121446.xlsx · 11 позиций
A3: 1 | B3: 132948 | C3: Alstroemeria fashionista couture | D3: GE | E3: 60 | F3: 30 | H3: NL | I3: =IMAGE("https://img.ozexport.nl/artikelfotos/LIVE_fotos/0x55075BF3C91CAE323F1DCEF3E3EB64FF506BC3A7.jpg") | J3: 1 | K3: 60 | L3: 60 | M3: 1 связок × 60 шт = 60 шт | Q3: =L3-N3-O3-P3
A4: 1 | B4: 103567 | C4: Alstroemeria mix in bucket | D4: MIX | E4: 60 | F4: 40 | H4: NL | I4: =IMAGE("https://img.ozexport.nl/artikelfotos/LIVE_fotos/0xB52E2FA51A819CDB598A089B2ABCAC2E9539BA2F.jpg") | J4: 1 | K4: 60 | L4: 60 | M4: 1 связок × 60 шт = 60 шт | Q4: =L4-N4-O4-P4
A5: 1 | B5: 130148 | C5: Alstroemeria si sofiena | D5: RS | E5: 60 | F5: 40 | H5: NL | I5: =IMAGE("https://img.ozexport.nl/artikelfotos/LIVE_fotos/0x197A3D8323E1A9381065120BAB7EB6EF157273C2.jpg") | J5: 1 | K5: 50 | L5: 50 | M5: 1 связок × 50 шт = 50 шт | Q5: =L5-N5-O5-P5
A6: 1 | B6: 122220 | C6: Dianthus st ipanema | D6: RS | E6: 65 | H6: ET | I6: =IMAGE("https://img.ozexport.nl/artikelfotos/LIVE_fotos/0xE6A3FF4772A6675F7640227B01509B809157C8FE.jpg") | J6: 1 | K6: 80 | L6: 80 | M6: 1 связок × 80 шт = 80 шт | Q6: =L6-N6-O6-P6
A7: 1 | B7: 117394 | C7: Dianthus st jodie | D7: RS | E7: 65 | H7: ET | I7: =IMAGE("https://img.ozexport.nl/artikelfotos/LIVE_fotos/0x90703FB551B6459457384D466795797D6DF054A5.jpg") | J7: 1 | K7: 80 | L7: 80 | M7: 1 связок × 80 шт = 80 шт | Q7: =L7-N7-O7-P7
A8: 1 | B8: 489 | C8: Dianthus st mix minami | D8: MX | E8: 60 | H8: EC | I8: =IMAGE("https://img.ozexport.nl/artikelfotos/LIVE_fotos/0xDBCC430EE8781B055B170D345BB76EB699B8155D.jpg") | J8: 1 | K8: 80 | L8: 80 | M8: 1 связок × 80 шт = 80 шт | Q8: =L8-N8-O8-P8
A9: 1 | B9: 1189 | C9: Gerbera mix lilac | D9: MX | E9: 45 | H9: NL | I9: =IMAGE("https://img.ozexport.nl/artikelfotos/LIVE_fotos/0x527B9EA37ABB9181B3C95137DD58F37A8E45A06A.jpg") | J9: 1 | K9: 50 | L9: 50 | M9: 1 связок × 50 шт = 50 шт | Q9: =L9-N9-O9-P9
A10: 1 | B10: 116199 | C10: Gerbera pasta mix | D10: MX | E10: 45 | H10: NL | I10: =IMAGE("https://img.ozexport.nl/artikelfotos/LIVE_fotos/0xEBC541F0BB718DFFB4A03076AC65B8D083367D1C.jpg") | J10: 1 | K10: 50 | L10: 50 | M10: 1 связок × 50 шт = 50 шт | Q10: =L10-N10-O10-P10
A11: 1 | B11: 28168 | C11: Hydrangea mix in bucket | D11: MX | E11: 50 | F11: 15 | H11: NL | I11: =IMAGE("https://img.ozexport.nl/artikelfotos/LIVE_fotos/0x426E7033E4AF55752B10921881EC931EA05C3601.jpg") | J11: 2 | K11: 10 | L11: 20 | M11: 2 связок × 10 шт = 20 шт | Q11: =L11-N11-O11-P11
A12: 1 | B12: 103391 | C12: Hydrangea rodeo red | D12: RO | E12: 60 | F12: 14 | H12: NL | I12: =IMAGE("https://img.ozexport.nl/artikelfotos/LIVE_fotos/0x44A6C772CA8E143E02BA4D058D78F77FBE4FBCB3.jpg") | J12: 2 | K12: 10 | L12: 20 | M12: 2 связок × 10 шт = 20 шт | Q12: =L12-N12-O12-P12
A13: 1 | B13: 27918 | C13: Hydrangea verena | D13: RS | E13: 50 | F13: 18 | H13: NL | I13: =IMAGE("https://img.ozexport.nl/artikelfotos/LIVE_fotos/0x29201F165892A018985DB9BBDBA9F1F7D9FC292A.jpg") | J13: 3 | K13: 10 | L13: 30 | M13: 3 связок × 10 шт = 30 шт | Q13: =L13-N13-O13-P13
A14: 📦 Order #5 · 23-06-2026 · Order_15121858.xlsx · 6 позиций
A15: 5 | B15: 20453 | C15: Aglaonema cleopatra | D15: NT | E15: 17 | F15: 75 | H15: NL | I15: =IMAGE("https://img.ozexport.nl/artikelfotos/LIVE_fotos/0xF9432C3287EE0B0B92209A7B55891998FDF3EC32.jpg") | J15: 2 | K15: 6 | L15: 12 | M15: 2 связок × 6 шт = 12 шт | Q15: =L15-N15-O15-P15
A16: 5 | B16: 9339 | C16: Dieffenbachia camilla | D16: NT | E16: 12 | F16: 40 | H16: BE | I16: =IMAGE("https://img.ozexport.nl/artikelfotos/LIVE_fotos/0x4C48D283257876295B0B85C96E5AC159308D0FBD.jpg") | J16: 2 | K16: 10 | L16: 20 | M16: 2 связок × 10 шт = 20 шт | Q16: =L16-N16-O16-P16
A17: 5 | B17: 9282 | C17: Dieffenbachia compacta | D17: NT | E17: 9 | F17: 35 | H17: NL | I17: =IMAGE("https://img.ozexport.nl/artikelfotos/LIVE_fotos/0x9ECF9FE8F244E12CBB84ED964353524C6F31A81D.jpg") | J17: 1 | K17: 18 | L17: 18 | M17: 1 связок × 18 шт = 18 шт | Q17: =L17-N17-O17-P17
A18: 5 | B18: 106727 | C18: Epiphyllum anguliger | D18: NT | E18: 15 | F18: 50 | H18: NL | I18: =IMAGE("https://img.ozexport.nl/artikelfotos/LIVE_fotos/0x003BB65DCE61B8BE26CF6D5B1F957F76F3E99C01.jpg") | J18: 2 | K18: 4 | L18: 8 | M18: 2 связок × 4 шт = 8 шт | Q18: =L18-N18-O18-P18
A19: 5 | B19: 8724 | C19: Pachira aquatica | D19: GR | E19: 9 | F19: 32 | H19: NL | I19: =IMAGE("https://img.ozexport.nl/artikelfotos/LIVE_fotos/0xE65AD4792E9B94DD805B881EDFDAF62874FC1748.jpg") | J19: 2 | K19: 6 | L19: 12 | M19: 2 связок × 6 шт = 12 шт | Q19: =L19-N19-O19-P19
A20: 5 | B20: 8724 | C20: Pachira aquatica | D20: NT | E20: 35 | F20: 190 | H20: NL | I20: =IMAGE("https://img.ozexport.nl/artikelfotos/LIVE_fotos/0xB03B1D5FC84F18E744430A437FDB3E7EA6A33829.jpg") | J20: 2 | K20: 1 | L20: 2 | M20: 2 связок × 1 шт = 2 шт | Q20: =L20-N20-O20-P20

Sheet Plaza
A1: 📦 Plaza — позиции из этой поставки
A2: Order # | B2: VBN | C2: Артикул | D2: Цвет | E2: Высота | F2: Фото | G2: Едет шт. | H2: шт./связке | I2: Подсказка | J2: Принято связок | K2: Принято штук | L2: Комментарий флориста
A3: =IFERROR(FILTER('Логист'!A:A; ISNUMBER('Логист'!N:N)*('Логист'!N:N>0)); "") | B3: =IFERROR(FILTER('Логист'!B:B; ISNUMBER('Логист'!N:N)*('Логист'!N:N>0)); "") | C3: =IFERROR(FILTER('Логист'!C:C; ISNUMBER('Логист'!N:N)*('Логист'!N:N>0)); "") | D3: =IFERROR(FILTER('Логист'!D:D; ISNUMBER('Логист'!N:N)*('Логист'!N:N>0)); "") | E3: =IFERROR(FILTER('Логист'!E:E; ISNUMBER('Логист'!N:N)*('Логист'!N:N>0)); "") | F3: =IFERROR(FILTER('Логист'!I:I; ISNUMBER('Логист'!N:N)*('Логист'!N:N>0)); "") | G3: =IFERROR(FILTER('Логист'!N:N; ISNUMBER('Логист'!N:N)*('Логист'!N:N>0)); "") | H3: =IFERROR(FILTER('Логист'!K:K; ISNUMBER('Логист'!N:N)*('Логист'!N:N>0)); "") | I3: =IFERROR(FILTER('Логист'!M:M; ISNUMBER('Логист'!N:N)*('Логист'!N:N>0)); "")

Sheet Gloria
A1: 📦 Gloria — позиции из этой поставки
A2: Order # | B2: VBN | C2: Артикул | D2: Цвет | E2: Высота | F2: Фото | G2: Едет шт. | H2: шт./связке | I2: Подсказка | J2: Принято связок | K2: Принято штук | L2: Комментарий флориста
A3: =IFERROR(FILTER('Логист'!A:A; ISNUMBER('Логист'!O:O)*('Логист'!O:O>0)); "") | B3: =IFERROR(FILTER('Логист'!B:B; ISNUMBER('Логист'!O:O)*('Логист'!O:O>0)); "") | C3: =IFERROR(FILTER('Логист'!C:C; ISNUMBER('Логист'!O:O)*('Логист'!O:O>0)); "") | D3: =IFERROR(FILTER('Логист'!D:D; ISNUMBER('Логист'!O:O)*('Логист'!O:O>0)); "") | E3: =IFERROR(FILTER('Логист'!E:E; ISNUMBER('Логист'!O:O)*('Логист'!O:O>0)); "") | F3: =IFERROR(FILTER('Логист'!I:I; ISNUMBER('Логист'!O:O)*('Логист'!O:O>0)); "") | G3: =IFERROR(FILTER('Логист'!O:O; ISNUMBER('Логист'!O:O)*('Логист'!O:O>0)); "") | H3: =IFERROR(FILTER('Логист'!K:K; ISNUMBER('Логист'!O:O)*('Логист'!O:O>0)); "") | I3: =IFERROR(FILTER('Логист'!M:M; ISNUMBER('Логист'!O:O)*('Логист'!O:O>0)); "")

Sheet Blau
A1: 📦 Blau — позиции из этой поставки
A2: Order # | B2: VBN | C2: Артикул | D2: Цвет | E2: Высота | F2: Фото | G2: Едет шт. | H2: шт./связке | I2: Подсказка | J2: Принято связок | K2: Принято штук | L2: Комментарий флориста
A3: =IFERROR(FILTER('Логист'!A:A; ISNUMBER('Логист'!P:P)*('Логист'!P:P>0)); "") | B3: =IFERROR(FILTER('Логист'!B:B; ISNUMBER('Логист'!P:P)*('Логист'!P:P>0)); "") | C3: =IFERROR(FILTER('Логист'!C:C; ISNUMBER('Логист'!P:P)*('Логист'!P:P>0)); "") | D3: =IFERROR(FILTER('Логист'!D:D; ISNUMBER('Логист'!P:P)*('Логист'!P:P>0)); "") | E3: =IFERROR(FILTER('Логист'!E:E; ISNUMBER('Логист'!P:P)*('Логист'!P:P>0)); "") | F3: =IFERROR(FILTER('Логист'!I:I; ISNUMBER('Логист'!P:P)*('Логист'!P:P>0)); "") | G3: =IFERROR(FILTER('Логист'!P:P; ISNUMBER('Логист'!P:P)*('Логист'!P:P>0)); "") | H3: =IFERROR(FILTER('Логист'!K:K; ISNUMBER('Логист'!P:P)*('Логист'!P:P>0)); "") | I3: =IFERROR(FILTER('Логист'!M:M; ISNUMBER('Логист'!P:P)*('Логист'!P:P>0)); "")
